,n_baseline_misclassified,null_hypothesis,better_algorithm,baseline accuracy,value,n_svm_misclassified,SVM accuracy
400301,45,3.841459,1,77.3706896552,9.765625,19,80.3879310345
400309,113,3.841459,1,69.5139911635,27.3962264151,46,79.381443299
400308,111,3.841459,1,75.2265861027,7.89071038251,72,79.556898288
412281,0,3.841459,2,89.1428571429,0.0,1,88.5714285714
412280,2,3.841459,2,90.3409090909,0.166666666667,4,89.2045454545
412287,34,3.841459,1,68.1818181818,14.880952381,8,82.9545454545
412284,2,3.841459,2,91.4285714286,0.0,1,92.0
400570,0,3.841459,0,87.8354203936,2147483647,0,87.8354203936
400255,170,3.841459,1,59.2664092664,28.4448818898,84,75.8687258687
412283,0,3.841459,2,91.5254237288,0.5,2,90.395480226
412282,3,3.841459,2,83.5227272727,0.0,2,84.0909090909
400176,0,3.841459,0,86.6869918699,2147483647,0,86.6869918699
412433,2,3.841459,2,93.4210526316,0.0,1,94.7368421053
400239,45,3.841459,2,83.7669094693,1.55128205128,33,85.4318418314
400238,120,3.841459,1,73.8647830474,28.9940828402,49,81.2310797175
400235,44,3.841459,1,86.2113402062,10.0806451613,18,89.6907216495
400234,1,3.841459,2,90.0763358779,0.0,0,90.203562341
400237,14,3.841459,2,77.76,1.13636363636,8,78.72
400230,66,3.841459,1,74.21875,9.61,34,81.25
400233,94,3.841459,1,73.1034482759,20.0296296296,41,82.2413793103
400232,80,3.841459,1,71.484375,33.3069306931,21,83.0078125
412436,3,3.841459,2,92.6829268293,1.33333333333,0,96.3414634146
400409,66,3.841459,1,76.1640798226,10.3434343434,33,80.044345898
400406,8,3.841459,1,89.4632206759,4.0,1,90.8548707753
400407,38,3.841459,1,76.0233918129,13.7959183673,11,80.1169590643
400404,1,3.841459,2,91.8575063613,0.0,2,91.7302798982
412437,1,3.841459,2,92.5,0.5,1,92.5
400402,125,3.841459,1,71.103117506,19.0476190476,64,78.1774580336
400403,100,3.841459,1,70.7641196013,30.3407407407,35,81.8936877076
400400,0,3.841459,2,87.0491803279,0.5,2,86.7213114754
400077,12,3.841459,2,86.976744186,0.0454545454545,10,87.4418604651
412463,2,3.841459,2,97.5609756098,0.0,1,98.7804878049
412462,0,3.841459,2,100.0,0.0,1,98.7804878049
412461,2,3.841459,2,97.4025974026,0.5,0,100.0
412460,1,3.841459,2,98.7804878049,0.0,2,97.5609756098
400071,1,3.841459,2,88.7445887446,0.5,1,88.7445887446
412465,1,3.841459,2,98.7804878049,0.5,1,98.7804878049
412464,0,3.841459,2,98.7654320988,0.5,2,96.2962962963
412469,1,3.841459,2,98.7654320988,0.5,1,98.7654320988
412468,2,3.841459,2,97.3333333333,0.0,1,98.6666666667
412265,3,3.841459,2,86.9318181818,1.33333333333,0,88.6363636364
412308,2,3.841459,2,89.4117647059,0.0,1,90.0
400283,147,3.841459,1,70.0216450216,30.0469483568,66,78.6796536797
412261,0,3.841459,2,93.1707317073,0.0,1,92.6829268293
400285,37,3.841459,1,82.2580645161,6.68518518519,17,86.6359447005
412263,3,3.841459,2,90.8163265306,0.25,1,91.8367346939
412302,1,3.841459,2,90.9604519774,0.25,3,89.8305084746
412303,3,3.841459,2,86.3636363636,0.0,2,87.5
400122,115,3.841459,1,73.3545647558,26.7239263804,48,80.2547770701
412269,0,3.841459,2,87.2093023256,1.33333333333,3,86.0465116279
412307,0,3.841459,2,95.9770114943,0.5,2,94.8275862069
412305,2,3.841459,2,84.0909090909,0.5,0,85.7954545455
400055,0,3.841459,0,87.2117400419,2147483647,0,87.2117400419
412417,3,3.841459,2,93.9024390244,0.0,2,95.1219512195
412414,0,3.841459,2,96.3414634146,0.0,1,95.1219512195
412415,1,3.841459,2,95.1219512195,0.0,0,96.3414634146
412412,1,3.841459,2,86.4864864865,0.0,2,85.1351351351
412413,1,3.841459,2,95.1219512195,0.0,2,93.9024390244
412410,2,3.841459,2,96.3414634146,0.0,1,97.5609756098
400052,0,3.841459,2,87.4125874126,0.0,1,87.1794871795
400058,20,3.841459,2,87.0625662778,0.25,16,87.4867444327
412418,5,3.841459,2,82.7160493827,0.0,6,81.4814814815
412419,0,3.841459,0,88.4615384615,2147483647,0,88.4615384615
412441,1,3.841459,2,96.2962962963,0.5,1,96.2962962963
412443,0,3.841459,2,100.0,0.0,1,98.7654320988
412442,2,3.841459,2,97.4358974359,0.0,1,98.7179487179
412444,1,3.841459,2,96.3414634146,0.0,0,97.5609756098
400630,28,3.841459,1,79.4366197183,5.625,12,83.661971831
400141,1,3.841459,2,89.0410958904,0.0,0,89.2694063927
400636,1,3.841459,2,88.8888888889,0.0,0,89.1666666667
400639,20,3.841459,1,87.6080691643,7.84,5,91.9308357349
400638,19,3.841459,2,89.1364902507,0.484848484848,14,90.5292479109
412446,0,3.841459,0,98.7804878049,2147483647,0,98.7804878049
400271,78,3.841459,1,73.805601318,12.3418803419,39,80.3953871499
412250,6,3.841459,2,79.5053003534,0.444444444444,3,80.9187279152
400273,0,3.841459,0,90.6949352179,2147483647,0,90.6949352179
400274,43,3.841459,1,76.3097949886,6.15384615385,22,81.5489749431
400277,0,3.841459,0,91.103202847,2147483647,0,91.103202847
400276,33,3.841459,1,81.2356979405,15.625,7,87.1853546911
400279,0,3.841459,0,91.1764705882,2147483647,0,91.1764705882
400278,10,3.841459,2,81.0782241015,1.06666666667,5,81.3953488372
400442,54,3.841459,1,74.4303797468,14.7162162162,20,83.5443037975
400379,122,3.841459,1,69.7885196375,21.2375690608,59,79.3051359517
400440,83,3.841459,1,78.22671156,18.7203389831,35,83.5016835017
400441,0,3.841459,0,90.4761904762,2147483647,0,90.4761904762
400371,104,3.841459,1,68.5050798258,37.0661764706,32,79.2452830189
400373,3,3.841459,2,88.8888888889,0.25,1,89.1812865497
400376,1,3.841459,2,87.2305140962,0.0,0,87.3963515755
400297,0,3.841459,2,91.9902912621,0.0,1,91.7475728155
412310,1,3.841459,2,92.6966292135,0.25,3,91.5730337079
400082,130,3.841459,1,67.8498985801,25.9259259259,59,75.354969574
400080,8,3.841459,2,80.6593406593,0.45,12,80.2197802198
400081,46,3.841459,1,75.905511811,8.59701492537,21,80.157480315
400086,2,3.841459,2,90.3921568627,0.25,2,90.3921568627
400087,100,3.841459,1,70.7641196013,23.8581560284,41,80.5647840532
400089,0,3.841459,2,91.3131313131,0.0,1,91.1111111111
412317,2,3.841459,2,91.5730337079,0.0,3,91.0112359551
412228,5,3.841459,2,93.2384341637,1.5,1,94.6619217082
412186,6,3.841459,2,91.9014084507,1.125,2,93.3098591549
412221,4,3.841459,2,93.4545454545,2.25,0,94.9090909091
412189,1,3.841459,2,93.661971831,0.0,2,93.3098591549
412225,60,3.841459,1,61.6788321168,13.6,25,74.4525547445
412226,0,3.841459,0,91.8439716312,2147483647,0,91.8439716312
400280,38,3.841459,1,82.1510297483,11.2941176471,13,87.8718535469
400019,6,3.841459,2,92.1367521368,1.125,2,92.8205128205
400018,0,3.841459,2,85.1380042463,0.0,1,85.0318471338
400152,98,3.841459,1,71.2146422629,31.2671755725,33,82.0299500832
400154,6,3.841459,1,89.413118527,4.16666666667,0,90.1035673188
400157,0,3.841459,0,91.3173652695,2147483647,0,91.3173652695
400158,3,3.841459,2,88.3534136546,0.0,4,88.1526104418
400010,0,3.841459,0,89.0200708383,2147483647,0,89.0200708383
400013,34,3.841459,1,77.0627062706,5.78,16,80.198019802
412451,3,3.841459,2,95.0,0.0,2,96.25
412456,1,3.841459,2,98.75,0.5,1,98.75
412457,1,3.841459,2,97.5308641975,0.5,1,97.5308641975
400017,0,3.841459,2,87.0220162225,0.0,1,86.9061413673
409888,4,3.841459,2,91.0536779324,0.166666666667,2,91.4512922465
400335,6,3.841459,2,89.3203883495,0.1,4,89.7087378641
400337,132,3.841459,1,66.6158536585,48.1453488372,40,81.5548780488
400331,138,3.841459,1,66.5318503539,29.9444444444,60,74.7219413549
400333,37,3.841459,1,77.6814734561,10.58,13,80.4983748646
400648,31,3.841459,1,79.4520547945,6.56818181818,13,84.3835616438
400640,20,3.841459,2,83.7988826816,0.735294117647,14,85.4748603352
400641,33,3.841459,1,80.2816901408,8.88888888889,12,86.1971830986
400643,0,3.841459,0,92.032967033,2147483647,0,92.032967033
400644,0,3.841459,0,90.7042253521,2147483647,0,90.7042253521
400645,105,3.841459,1,61.3180515759,24.1610738255,44,79.0830945559
400646,1,3.841459,2,90.3846153846,0.5,1,90.3846153846
400647,19,3.841459,2,86.7403314917,3.7037037037,8,89.7790055249
400349,54,3.841459,1,76.8321513002,14.7162162162,20,84.8699763593
412382,3,3.841459,2,85.7142857143,0.25,1,87.3015873016
412383,14,3.841459,2,68.7022900763,2.45,6,74.8091603053
412386,8,3.841459,2,71.1711711712,1.45454545455,3,75.6756756757
412385,3,3.841459,2,91.5094339623,1.33333333333,0,94.3396226415
412388,0,3.841459,0,88.8888888889,2147483647,0,88.8888888889
412258,2,3.841459,2,94.2028985507,0.0,1,95.1690821256
400209,9,3.841459,2,76.5706806283,1.23076923077,4,77.0942408377
400204,114,3.841459,1,70.7168894289,14.7784090909,62,76.7922235723
400206,0,3.841459,2,89.1592920354,0.5,2,88.9380530973
400207,32,3.841459,1,82.703777336,6.28260869565,14,86.282306163
400419,2,3.841459,2,89.6551724138,0.5,0,89.9835796388
400415,20,3.841459,2,83.6781609195,2.7,10,85.9770114943
400414,76,3.841459,1,81.018981019,8.60504201681,43,84.2157842158
400417,126,3.841459,1,73.0142566191,31.9602272727,50,81.1608961303
400416,24,3.841459,1,76.3657957245,8.25806451613,7,78.5035629454
400411,11,3.841459,2,84.5102505695,2.4,4,86.1047835991
400253,23,3.841459,2,78.9743589744,3.55882352941,11,80.3076923077
400343,3,3.841459,2,85.3118712274,0.0,4,85.2112676056
412295,0,3.841459,0,84.1807909605,2147483647,0,84.1807909605
400288,0,3.841459,0,92.3178807947,2147483647,0,92.3178807947
400251,100,3.841459,1,72.9952830189,19.2397260274,46,79.7169811321
412405,1,3.841459,2,91.3580246914,0.25,3,88.8888888889
412404,2,3.841459,2,84.2105263158,0.0,1,85.5263157895
400257,164,3.841459,1,64.4345238095,61.014084507,49,82.1428571429
412407,8,3.841459,2,58.75,0.75,4,63.75
400114,189,3.841459,1,62.6131953428,58.368627451,66,78.6545924968
400115,0,3.841459,1,88.1338742394,2147483647,0,88.2352941176
400116,0,3.841459,0,81.8913480885,2147483647,0,81.8913480885
412406,3,3.841459,2,92.5925925926,0.25,1,95.0617283951
400110,92,3.841459,1,73.3122362869,24.6929133858,35,79.3248945148
400111,38,3.841459,1,69.9742268041,13.7959183673,11,73.5824742268
412498,1,3.841459,2,84.6153846154,0.5,1,84.6153846154
412499,1,3.841459,2,97.8260869565,0.0,0,100.0
412497,5,3.841459,2,63.3333333333,0.0,4,65.0
412319,1,3.841459,2,92.0903954802,0.5,1,92.0903954802
412252,0,3.841459,0,91.8032786885,2147483647,0,91.8032786885
412253,2,3.841459,2,90.1287553648,0.0,1,90.9871244635
412254,1,3.841459,2,91.8103448276,0.5,1,92.2413793103
412255,0,3.841459,0,83.7209302326,2147483647,0,83.7209302326
412256,0,3.841459,0,94.5454545455,2147483647,0,94.5454545455
412311,4,3.841459,2,90.3409090909,0.0,3,90.9090909091
412259,1,3.841459,2,92.1052631579,0.0,2,91.5789473684
412315,7,3.841459,2,82.6589595376,0.363636363636,4,84.3930635838
412314,0,3.841459,1,86.0606060606,2147483647,0,86.6666666667
400291,112,3.841459,1,74.3243243243,15.1220930233,60,80.0415800416
400290,88,3.841459,1,71.9120135364,28.7521367521,29,81.8950930626
400060,0,3.841459,0,92.1568627451,2147483647,0,92.1568627451
400061,46,3.841459,1,84.765625,14.7540983607,15,90.8203125
400062,93,3.841459,1,71.7219589258,21.2803030303,39,80.8846761453
400063,11,3.841459,2,77.5919732441,0.0,12,77.4247491639
412401,2,3.841459,2,95.0617283951,0.5,0,97.5308641975
412400,1,3.841459,2,97.5609756098,0.5,1,97.5609756098
412403,0,3.841459,2,98.7654320988,0.5,2,96.2962962963
412402,3,3.841459,2,96.3414634146,0.25,1,98.7804878049
400068,0,3.841459,2,90.5660377358,0.0,1,90.3301886792
412409,2,3.841459,2,95.1219512195,0.5,0,97.5609756098
412408,2,3.841459,2,95.1219512195,0.5,0,97.5609756098
400151,0,3.841459,0,93.9675174014,2147483647,0,93.9675174014
412458,3,3.841459,2,94.8051948052,0.25,1,97.4025974026
412452,2,3.841459,2,93.75,0.5,0,96.25
412453,2,3.841459,2,87.8048780488,0.0,1,89.0243902439
412466,2,3.841459,2,95.0617283951,0.25,2,95.0617283951
400367,0,3.841459,0,91.8397626113,2147483647,0,91.8397626113
400366,72,3.841459,1,76.2694300518,21.8144329897,25,81.3471502591
400365,8,3.841459,1,81.5338042381,6.125,0,82.3410696266
400364,99,3.841459,1,73.5191637631,23.2071428571,41,80.2555168409
400363,68,3.841459,1,74.6543778802,32.578313253,15,86.866359447
400249,68,3.841459,1,75.1054852321,25.1022727273,20,85.4430379747
400361,60,3.841459,1,76.5957446809,25.8133333333,15,85.1063829787
400360,29,3.841459,1,81.2292358804,4.55813953488,14,83.7209302326
400244,51,3.841459,1,86.9949494949,7.48051948052,26,90.1515151515
400245,44,3.841459,1,75.9477124183,5.30882352941,24,78.954248366
400246,114,3.841459,1,72.6347914547,38.2516556291,37,80.7731434385
400247,4,3.841459,2,90.112640801,2.25,0,90.6132665832
400240,28,3.841459,2,77.3262032086,0.5,22,78.2887700535
412454,0,3.841459,2,97.4025974026,0.5,2,94.8051948052
412411,0,3.841459,0,98.75,2147483647,0,98.75
400129,93,3.841459,1,72.5326991677,25.3828125,35,79.1914387634
400093,37,3.841459,2,78.7106446777,0.367647058824,31,80.059970015
400097,74,3.841459,1,72.8515625,13.247706422,35,80.2734375
412214,7,3.841459,2,90.9407665505,0.363636363636,4,91.9860627178
412215,3,3.841459,2,93.2835820896,0.0,2,93.6567164179
412216,0,3.841459,0,89.0151515152,2147483647,0,89.0151515152
412309,1,3.841459,2,83.615819209,0.25,3,83.0508474576
412476,1,3.841459,2,98.7654320988,0.0,2,97.5308641975
412211,5,3.841459,2,95.390070922,1.5,1,96.8085106383
412212,5,3.841459,2,93.2862190813,1.5,1,94.6996466431
412213,2,3.841459,2,86.7724867725,0.0,1,87.3015873016
412199,3,3.841459,2,94.7955390335,0.0,2,95.1672862454
400392,0,3.841459,0,91.1504424779,2147483647,0,91.1504424779
412196,26,3.841459,1,78.7985865724,6.25,10,84.4522968198
412195,3,3.841459,2,94.1818181818,1.33333333333,0,95.2727272727
412194,2,3.841459,2,90.7142857143,0.5,0,91.4285714286
412193,2,3.841459,2,93.6395759717,0.0,1,93.9929328622
412192,6,3.841459,2,90.9090909091,0.0,5,91.2727272727
412191,0,3.841459,0,88.6524822695,2147483647,0,88.6524822695
412190,1,3.841459,2,85.5123674912,0.0,0,85.8657243816
400121,19,3.841459,2,87.1833084948,0.484848484848,14,88.0774962742
400289,16,3.841459,2,76.0143198091,0.592592592593,11,76.8496420048
400124,69,3.841459,1,73.0403800475,7.78703703704,39,77.0783847981
400024,112,3.841459,1,67.0033670034,39.2925170068,35,80.303030303
400025,72,3.841459,1,76.6917293233,12.1121495327,35,80.7733619764
400027,11,3.841459,2,87.3770491803,0.592592592593,16,86.5573770492
400021,40,3.841459,1,78.9793438639,4.66129032258,22,81.1664641555
400029,0,3.841459,0,90.1678657074,2147483647,0,90.1678657074
412449,3,3.841459,2,96.25,0.0,2,97.5
400147,32,3.841459,1,83.0626450116,4.6875,16,86.7749419954
412440,1,3.841459,2,87.6543209877,0.0,0,88.8888888889
400145,1,3.841459,2,88.1278538813,0.0,0,88.3561643836
400144,20,3.841459,2,85.2390852391,0.735294117647,14,85.7588357588
412445,1,3.841459,2,98.75,0.0,0,100.0
400142,3,3.841459,2,90.064516129,0.0,4,89.935483871
412447,0,3.841459,0,100.0,2147483647,0,100.0
400140,33,3.841459,1,81.4049586777,5.22448979592,16,83.2644628099
412500,0,3.841459,2,97.7777777778,0.0,1,95.5555555556
412501,0,3.841459,0,85.1851851852,2147483647,0,85.1851851852
412502,0,3.841459,0,63.6363636364,2147483647,0,63.6363636364
400321,29,3.841459,2,84.1897233202,3.84090909091,15,87.1541501976
400320,0,3.841459,0,90.6666666667,2147483647,0,90.6666666667
400326,143,3.841459,1,73.0897009967,55.4402173913,41,84.7176079734
400657,70,3.841459,1,70.9141274238,18.1855670103,27,82.8254847645
400656,0,3.841459,0,90.9356725146,2147483647,0,90.9356725146
400655,0,3.841459,0,92.1568627451,2147483647,0,92.1568627451
400654,0,3.841459,0,86.0724233983,2147483647,0,86.0724233983
400653,9,3.841459,1,83.6111111111,7.11111111111,0,85.8333333333
400652,0,3.841459,2,88.0681818182,0.0,1,87.7840909091
400651,1,3.841459,2,85.7971014493,0.0,0,86.0869565217
400198,33,3.841459,1,73.595505618,17.3333333333,6,77.3876404494
412209,7,3.841459,2,91.3978494624,0.0714285714286,7,91.3978494624
400659,0,3.841459,2,89.0207715134,0.0,1,88.7240356083
400199,118,3.841459,1,67.6392572944,20.5714285714,57,76.2599469496
400211,137,3.841459,1,71.7868338558,25.7910447761,64,79.3103448276
412398,1,3.841459,2,90.1234567901,0.0,2,88.8888888889
400216,135,3.841459,1,72.6819541376,23.805,65,79.7607178465
412393,4,3.841459,2,93.3333333333,0.8,1,96.6666666667
412392,1,3.841459,2,94.3181818182,0.5,1,94.3181818182
412395,1,3.841459,2,92.6829268293,0.0,2,91.4634146341
412394,1,3.841459,2,93.8271604938,0.0,0,95.0617283951
412397,1,3.841459,2,96.3414634146,0.25,3,93.9024390244
412396,3,3.841459,2,79.746835443,0.166666666667,3,79.746835443
412399,1,3.841459,2,92.5925925926,0.0,0,93.8271604938
400195,83,3.841459,1,73.673870334,26.2702702703,28,84.4793713163
400196,0,3.841459,0,91.7171717172,2147483647,0,91.7171717172
400219,26,3.841459,2,86.2721893491,3.025,14,87.4556213018
400218,107,3.841459,1,70.4845814978,15.3374233129,56,77.8267254038
400356,121,3.841459,1,70.0906344411,41.00625,39,82.6283987915
400355,25,3.841459,1,82.8978622328,10.4516129032,6,87.4109263658
400352,44,3.841459,1,78.3908045977,5.97014925373,23,83.4482758621
400350,47,3.841459,1,74.4923857868,11.0454545455,19,78.0456852792
400351,0,3.841459,2,91.8060200669,0.0,1,91.6387959866
400422,32,3.841459,1,78.3573806881,9.3023255814,11,80.6881243063
400424,47,3.841459,1,75.7611241218,4.32,28,78.2201405152
400425,55,3.841459,1,77.1459227468,9.67901234568,26,80.364806867
400103,80,3.841459,1,73.396424816,22.9357798165,29,78.8643533123
400101,74,3.841459,1,76.1127596439,10.9375,38,81.3056379822
412327,4,3.841459,2,93.063583815,0.166666666667,2,94.2196531792
412489,3,3.841459,2,93.75,1.33333333333,0,97.5
412488,1,3.841459,2,98.75,0.0,0,100.0
412485,1,3.841459,2,93.8271604938,0.5,1,93.8271604938
412484,1,3.841459,2,95.0,0.0,2,93.75
400109,158,3.841459,1,71.0472279261,63.2128712871,44,82.8542094456
400108,24,3.841459,1,83.7647058824,4.11428571429,11,86.8235294118
412481,2,3.841459,2,96.3414634146,0.0,3,95.1219512195
412480,1,3.841459,2,97.5308641975,0.0,0,98.7654320988
412483,0,3.841459,2,93.8271604938,0.5,2,91.3580246914
412482,0,3.841459,2,98.7654320988,0.5,2,96.2962962963
412416,2,3.841459,2,93.9024390244,0.5,0,96.3414634146
400057,6,3.841459,2,89.776733255,1.125,2,90.2467685076
412430,1,3.841459,2,97.5308641975,0.0,2,96.2962962963
412431,0,3.841459,2,96.2962962963,0.0,1,95.0617283951
412432,1,3.841459,2,83.3333333333,0.0,2,82.0512820513
400175,0,3.841459,0,90.8466819222,2147483647,0,90.8466819222
412434,1,3.841459,2,91.4634146341,0.0,2,90.243902439
412435,1,3.841459,2,80.487804878,0.5,1,80.487804878
400170,66,3.841459,1,75.6926952141,14.5638297872,28,80.3526448363
400171,0,3.841459,2,93.7904269082,0.5,2,93.531694696
412438,8,3.841459,2,76.25,1.45454545455,3,82.5
400076,0,3.841459,0,84.4329896907,2147483647,0,84.4329896907
400075,126,3.841459,1,71.2264150943,51.75625,34,82.3113207547
400074,55,3.841459,1,76.2295081967,11.3924050633,24,82.7868852459
400178,55,3.841459,1,77.4881516588,12.3205128205,23,81.3981042654
400179,149,3.841459,1,67.0245398773,37.0526315789,60,81.1349693252
400618,41,3.841459,1,73.2394366197,12.2909090909,14,80.5633802817
400617,0,3.841459,0,88.2352941176,2147483647,0,88.2352941176
400616,22,3.841459,2,84.6994535519,2.38235294118,12,87.4316939891
400313,0,3.841459,0,89.0532544379,2147483647,0,89.0532544379
400259,41,3.841459,1,76.7716535433,4.515625,23,80.3149606299
400311,147,3.841459,1,63.5467980296,51.8134715026,46,79.6387520525
400316,272,3.841459,1,55.2016985138,58.1658163265,120,72.6114649682
400314,79,3.841459,1,72.7385377943,16.2192982456,35,78.1908302354
400315,1,3.841459,2,92.4453280318,0.25,3,92.0477137177
412294,1,3.841459,2,87.4285714286,0.0,2,87.4285714286
400252,0,3.841459,2,87.5291375291,0.5,2,87.296037296
400318,0,3.841459,0,81.5261044177,2147483647,0,81.5261044177
412290,4,3.841459,2,85.393258427,0.166666666667,2,86.5168539326
412292,2,3.841459,2,92.0454545455,0.5,0,93.1818181818
412293,2,3.841459,2,93.1034482759,0.0,1,93.6781609195
412474,0,3.841459,2,92.6829268293,1.33333333333,3,89.0243902439
412429,1,3.841459,2,89.0243902439,0.5,1,89.0243902439
412475,3,3.841459,2,94.9367088608,1.33333333333,0,98.7341772152
412428,3,3.841459,2,95.1219512195,0.25,1,97.5609756098
400663,9,3.841459,2,89.3258426966,3.27272727273,2,91.5730337079
400660,45,3.841459,1,80.0,8.86153846154,20,87.2463768116
400661,0,3.841459,0,85.9195402299,2147483647,0,85.9195402299
412477,0,3.841459,2,98.7804878049,0.0,1,97.5609756098
412426,0,3.841459,0,98.7654320988,2147483647,0,98.7654320988
412471,0,3.841459,2,96.3414634146,0.0,1,95.1219512195
412423,2,3.841459,2,92.5925925926,0.5,0,95.0617283951
412202,1,3.841459,2,88.1720430108,0.0,0,88.5304659498
412200,3,3.841459,2,94.2857142857,0.25,1,95.0
412421,0,3.841459,0,97.4683544304,2147483647,0,97.4683544304
412205,34,3.841459,2,72.7272727273,3.12962962963,20,77.6223776224
400227,8,3.841459,2,72.7407407407,0.75,4,73.4814814815
400224,0,3.841459,2,89.7494305239,0.0,1,89.5216400911
412208,3,3.841459,2,92.7272727273,0.25,1,93.4545454545
400220,0,3.841459,0,92.4657534247,2147483647,0,92.4657534247
400221,0,3.841459,2,91.0482921084,0.0,1,90.9305064782
400388,0,3.841459,0,83.0628803245,2147483647,0,83.0628803245
400381,26,3.841459,2,84.6468781986,1.11363636364,18,85.4657113613
400380,160,3.841459,1,75.5600814664,33.5238095238,71,85.1323828921
400387,0,3.841459,0,79.0340285401,2147483647,0,79.0340285401
400033,64,3.841459,1,71.9764011799,10.0104166667,32,76.6961651917
400032,0,3.841459,0,92.1296296296,2147483647,0,92.1296296296
400031,43,3.841459,1,74.6543778802,12.5689655172,15,81.1059907834
400030,232,3.841459,1,59.1715976331,112.820422535,52,81.1834319527
412470,3,3.841459,2,83.950617284,0.0,2,85.1851851852
400036,0,3.841459,0,88.9148191365,2147483647,0,88.9148191365
412472,1,3.841459,2,90.0,0.0,0,91.25
412473,1,3.841459,2,91.4634146341,0.0,0,92.6829268293
400039,21,3.841459,1,87.0550161812,4.96551724138,8,89.3203883495
400038,0,3.841459,0,89.2523364486,2147483647,0,89.2523364486
412478,3,3.841459,2,95.1219512195,0.25,1,97.5609756098
412479,1,3.841459,2,93.9024390244,0.5,1,93.9024390244
412275,0,3.841459,2,89.2655367232,0.5,2,88.1355932203
412272,0,3.841459,2,86.4406779661,0.0,1,86.4406779661
412379,5,3.841459,2,87.7551020408,1.5,1,90.4761904762
412270,0,3.841459,0,91.5730337079,4.16666666667,6,88.202247191
412271,0,3.841459,0,86.9318181818,2147483647,0,86.9318181818
400133,27,3.841459,2,77.2337821297,1.84090909091,17,78.4577723378
400130,67,3.841459,2,73.0352303523,0.991803278689,55,75.3387533875
400137,0,3.841459,0,90.2636916836,2147483647,0,90.2636916836
400134,1,3.841459,2,83.4645669291,0.8,4,82.874015748
400100,32,3.841459,2,76.3730569948,3.38,18,77.6165803109
412420,1,3.841459,2,92.4050632911,0.5,1,92.4050632911
400090,108,3.841459,1,70.3966005666,40.1785714286,32,81.4447592068
412278,2,3.841459,2,86.7816091954,0.25,2,86.7816091954
412487,0,3.841459,2,98.75,0.5,2,96.25
400046,1,3.841459,2,94.0387481371,0.5,1,94.0387481371
400047,81,3.841459,1,75.1219512195,9.10236220472,46,81.1382113821
412486,2,3.841459,2,95.1219512195,0.25,2,95.1219512195
400042,193,3.841459,1,60.11994003,66.2745098039,62,79.9100449775
400048,129,3.841459,1,70.6377858002,39.591954023,45,80.7460890493
412010,0,3.841459,0,85.5855855856,2147483647,0,85.5855855856
412011,0,3.841459,0,90.3333333333,2147483647,0,90.3333333333
400622,0,3.841459,0,89.2441860465,2147483647,0,89.2441860465
400623,15,3.841459,2,86.2359550562,1.04166666667,9,87.9213483146
400626,0,3.841459,0,90.2506963788,2147483647,0,90.2506963788
400627,0,3.841459,0,90.7246376812,2147483647,0,90.7246376812
400628,67,3.841459,1,73.2782369146,20.5444444444,23,85.6749311295
412217,2,3.841459,2,88.1118881119,0.0,1,88.8111888112
400262,23,3.841459,2,81.4736842105,0.0227272727273,21,81.3684210526
400263,62,3.841459,2,76.5129682997,3.47115384615,42,79.3948126801
400189,141,3.841459,1,73.1313131313,29.0637254902,63,81.5151515152
400266,242,3.841459,1,54.2151162791,53.3025936599,105,73.9825581395
400267,2,3.841459,2,90.5373831776,0.0,3,90.4205607477
400183,226,3.841459,1,59.5348837209,99.7314487633,57,79.7674418605
400185,30,3.841459,1,80.0403225806,5.95348837209,13,83.4677419355
400184,68,3.841459,1,76.2767710049,12.25,32,82.0428336079
400436,43,3.841459,1,77.304964539,4.83582089552,24,79.5508274232
400435,80,3.841459,1,79.4176706827,10.5365853659,43,83.2329317269
400433,0,3.841459,0,88.7711864407,2147483647,0,88.7711864407
400348,5,3.841459,2,85.7142857143,3.2,0,86.299765808
400431,13,3.841459,2,89.6596858639,0.516129032258,18,89.1361256545
400345,180,3.841459,1,55.7729941292,33.3433962264,85,74.5596868885
400344,118,3.841459,1,78.164556962,38.7515923567,39,86.8143459916
400347,51,3.841459,1,73.5981308411,26.2295081967,10,78.6214953271
400346,110,3.841459,1,69.6879643388,28.4705882353,43,79.940564636
400341,3,3.841459,2,85.1598173516,1.33333333333,0,86.0730593607
400340,53,3.841459,1,83.4510595358,20.1323529412,15,87.5882946519
400439,71,3.841459,1,80.6979280262,11.5566037736,35,84.4056706652
400342,5,3.841459,2,86.7588932806,0.571428571429,2,87.1541501976
400310,109,3.841459,1,74.3199129489,23.8525641026,47,81.1751904244
412331,3,3.841459,2,84.2424242424,0.0,2,84.8484848485
412239,3,3.841459,2,92.1146953405,1.33333333333,0,93.1899641577
412231,41,3.841459,2,76.9230769231,1.40845070423,30,81.1188811189
412236,4,3.841459,2,93.9929328622,0.8,1,95.0530035336
400165,97,3.841459,1,74.8466257669,4.75151515152,68,78.2208588957
400008,130,3.841459,1,70.6270627063,22.5699481865,63,77.8877887789
400009,100,3.841459,1,72.037037037,42.2936507937,26,85.7407407407
400160,166,3.841459,1,67.3444976077,39.2170212766,69,79.1866028708
400163,44,3.841459,1,74.3781094527,10.0806451613,18,77.6119402985
400162,6,3.841459,2,86.0411899314,2.28571428571,1,87.1853546911
412427,1,3.841459,2,96.3414634146,0.0,0,97.5609756098
400003,103,3.841459,1,73.5869565217,22.8843537415,44,80.3260869565
412424,0,3.841459,2,90.1234567901,0.0,1,88.8888888889
400006,6,3.841459,2,84.4547563805,0.0,5,84.686774942
412422,0,3.841459,2,95.1219512195,0.5,2,92.6829268293
400004,1,3.841459,2,89.4428152493,0.0,0,89.5894428152
400005,0,3.841459,0,88.9779559118,2147483647,0,88.9779559118
400378,78,3.841459,1,75.6871035941,17.4414414414,33,80.7610993658
